[{"model": "result.result", "pk": 1, "fields": {"date": "2018-11-26", "semester": 1, "more_info": "That exam"}}, {"model": "result.reportcard", "pk": 1, "fields": {"student": 1, "result": 1}}, {"model": "result.reportcard", "pk": 2, "fields": {"student": 12, "result": 1}}, {"model": "result.reportcard", "pk": 3, "fields": {"student": 13, "result": 1}}, {"model": "result.reportcard", "pk": 4, "fields": {"student": 14, "result": 1}}, {"model": "result.reportcard", "pk": 5, "fields": {"student": 15, "result": 1}}, {"model": "result.reportcard", "pk": 6, "fields": {"student": 16, "result": 1}}, {"model": "result.reportcard", "pk": 7, "fields": {"student": 17, "result": 1}}, {"model": "result.reportcard", "pk": 8, "fields": {"student": 18, "result": 1}}, {"model": "result.reportcard", "pk": 9, "fields": {"student": 19, "result": 1}}, {"model": "result.reportcard", "pk": 10, "fields": {"student": 20, "result": 1}}, {"model": "result.reportcard", "pk": 11, "fields": {"student": 21, "result": 1}}, {"model": "result.marks", "pk": 1, "fields": {"reportcard": 1, "mark": 0, "subject": 1}}, {"model": "result.marks", "pk": 2, "fields": {"reportcard": 1, "mark": 0, "subject": 2}}, {"model": "result.marks", "pk": 3, "fields": {"reportcard": 1, "mark": 0, "subject": 3}}, {"model": "result.marks", "pk": 4, "fields": {"reportcard": 1, "mark": 0, "subject": 4}}, {"model": "result.marks", "pk": 5, "fields": {"reportcard": 1, "mark": 0, "subject": 5}}, {"model": "result.marks", "pk": 6, "fields": {"reportcard": 2, "mark": 52, "subject": 1}}, {"model": "result.marks", "pk": 7, "fields": {"reportcard": 2, "mark": 0, "subject": 2}}, {"model": "result.marks", "pk": 8, "fields": {"reportcard": 2, "mark": 0, "subject": 3}}, {"model": "result.marks", "pk": 9, "fields": {"reportcard": 2, "mark": 0, "subject": 4}}, {"model": "result.marks", "pk": 10, "fields": {"reportcard": 2, "mark": 0, "subject": 5}}, {"model": "result.marks", "pk": 11, "fields": {"reportcard": 3, "mark": 0, "subject": 1}}, {"model": "result.marks", "pk": 12, "fields": {"reportcard": 3, "mark": 0, "subject": 2}}, {"model": "result.marks", "pk": 13, "fields": {"reportcard": 3, "mark": 0, "subject": 3}}, {"model": "result.marks", "pk": 14, "fields": {"reportcard": 3, "mark": 0, "subject": 4}}, {"model": "result.marks", "pk": 15, "fields": {"reportcard": 3, "mark": 0, "subject": 5}}, {"model": "result.marks", "pk": 16, "fields": {"reportcard": 4, "mark": 0, "subject": 1}}, {"model": "result.marks", "pk": 17, "fields": {"reportcard": 4, "mark": 0, "subject": 2}}, {"model": "result.marks", "pk": 18, "fields": {"reportcard": 4, "mark": 0, "subject": 3}}, {"model": "result.marks", "pk": 19, "fields": {"reportcard": 4, "mark": 0, "subject": 4}}, {"model": "result.marks", "pk": 20, "fields": {"reportcard": 4, "mark": 0, "subject": 5}}, {"model": "result.marks", "pk": 21, "fields": {"reportcard": 5, "mark": 0, "subject": 1}}, {"model": "result.marks", "pk": 22, "fields": {"reportcard": 5, "mark": 0, "subject": 2}}, {"model": "result.marks", "pk": 23, "fields": {"reportcard": 5, "mark": 0, "subject": 3}}, {"model": "result.marks", "pk": 24, "fields": {"reportcard": 5, "mark": 0, "subject": 4}}, {"model": "result.marks", "pk": 25, "fields": {"reportcard": 5, "mark": 0, "subject": 5}}, {"model": "result.marks", "pk": 26, "fields": {"reportcard": 6, "mark": 0, "subject": 1}}, {"model": "result.marks", "pk": 27, "fields": {"reportcard": 6, "mark": 0, "subject": 2}}, {"model": "result.marks", "pk": 28, "fields": {"reportcard": 6, "mark": 0, "subject": 3}}, {"model": "result.marks", "pk": 29, "fields": {"reportcard": 6, "mark": 0, "subject": 4}}, {"model": "result.marks", "pk": 30, "fields": {"reportcard": 6, "mark": 0, "subject": 5}}, {"model": "result.marks", "pk": 31, "fields": {"reportcard": 7, "mark": 0, "subject": 1}}, {"model": "result.marks", "pk": 32, "fields": {"reportcard": 7, "mark": 0, "subject": 2}}, {"model": "result.marks", "pk": 33, "fields": {"reportcard": 7, "mark": 0, "subject": 3}}, {"model": "result.marks", "pk": 34, "fields": {"reportcard": 7, "mark": 0, "subject": 4}}, {"model": "result.marks", "pk": 35, "fields": {"reportcard": 7, "mark": 0, "subject": 5}}, {"model": "result.marks", "pk": 36, "fields": {"reportcard": 8, "mark": 0, "subject": 1}}, {"model": "result.marks", "pk": 37, "fields": {"reportcard": 8, "mark": 0, "subject": 2}}, {"model": "result.marks", "pk": 38, "fields": {"reportcard": 8, "mark": 0, "subject": 3}}, {"model": "result.marks", "pk": 39, "fields": {"reportcard": 8, "mark": 0, "subject": 4}}, {"model": "result.marks", "pk": 40, "fields": {"reportcard": 8, "mark": 0, "subject": 5}}, {"model": "result.marks", "pk": 41, "fields": {"reportcard": 9, "mark": 0, "subject": 1}}, {"model": "result.marks", "pk": 42, "fields": {"reportcard": 9, "mark": 0, "subject": 2}}, {"model": "result.marks", "pk": 43, "fields": {"reportcard": 9, "mark": 0, "subject": 3}}, {"model": "result.marks", "pk": 44, "fields": {"reportcard": 9, "mark": 0, "subject": 4}}, {"model": "result.marks", "pk": 45, "fields": {"reportcard": 9, "mark": 0, "subject": 5}}, {"model": "result.marks", "pk": 46, "fields": {"reportcard": 10, "mark": 0, "subject": 1}}, {"model": "result.marks", "pk": 47, "fields": {"reportcard": 10, "mark": 0, "subject": 2}}, {"model": "result.marks", "pk": 48, "fields": {"reportcard": 10, "mark": 0, "subject": 3}}, {"model": "result.marks", "pk": 49, "fields": {"reportcard": 10, "mark": 0, "subject": 4}}, {"model": "result.marks", "pk": 50, "fields": {"reportcard": 10, "mark": 0, "subject": 5}}, {"model": "result.marks", "pk": 51, "fields": {"reportcard": 11, "mark": 0, "subject": 1}}, {"model": "result.marks", "pk": 52, "fields": {"reportcard": 11, "mark": 0, "subject": 2}}, {"model": "result.marks", "pk": 53, "fields": {"reportcard": 11, "mark": 0, "subject": 3}}, {"model": "result.marks", "pk": 54, "fields": {"reportcard": 11, "mark": 0, "subject": 4}}, {"model": "result.marks", "pk": 55, "fields": {"reportcard": 11, "mark": 0, "subject": 5}}, {"model": "library.books", "pk": 1, "fields": {"name": "Book 1 of 0", "semester": 1, "author": "Some One", "nou_avaible": 3, "nou_borrowed": 0, "nou_registered": 3}}, {"model": "library.books", "pk": 2, "fields": {"name": "Book 1 of 1", "semester": 1, "author": "Some One", "nou_avaible": 3, "nou_borrowed": 0, "nou_registered": 3}}, {"model": "library.books", "pk": 3, "fields": {"name": "Book 2 of 0", "semester": 2, "author": "Some One", "nou_avaible": 3, "nou_borrowed": 0, "nou_registered": 3}}, {"model": "library.books", "pk": 4, "fields": {"name": "Book 2 of 1", "semester": 2, "author": "Some One", "nou_avaible": 3, "nou_borrowed": 0, "nou_registered": 3}}, {"model": "library.books", "pk": 5, "fields": {"name": "Book 3 of 0", "semester": 3, "author": "Some One", "nou_avaible": 3, "nou_borrowed": 0, "nou_registered": 3}}, {"model": "library.books", "pk": 6, "fields": {"name": "Book 3 of 1", "semester": 3, "author": "Some One", "nou_avaible": 3, "nou_borrowed": 0, "nou_registered": 3}}, {"model": "library.books", "pk": 7, "fields": {"name": "Book 4 of 0", "semester": 4, "author": "Some One", "nou_avaible": 3, "nou_borrowed": 0, "nou_registered": 3}}, {"model": "library.books", "pk": 8, "fields": {"name": "Book 4 of 1", "semester": 4, "author": "Some One", "nou_avaible": 3, "nou_borrowed": 0, "nou_registered": 3}}, {"model": "library.books", "pk": 9, "fields": {"name": "Book 5 of 0", "semester": 5, "author": "Some One", "nou_avaible": 3, "nou_borrowed": 0, "nou_registered": 3}}, {"model": "library.books", "pk": 10, "fields": {"name": "Book 5 of 1", "semester": 5, "author": "Some One", "nou_avaible": 3, "nou_borrowed": 0, "nou_registered": 3}}, {"model": "library.books", "pk": 11, "fields": {"name": "Book 6 of 0", "semester": 6, "author": "Some One", "nou_avaible": 3, "nou_borrowed": 0, "nou_registered": 3}}, {"model": "library.books", "pk": 12, "fields": {"name": "Book 6 of 1", "semester": 6, "author": "Some One", "nou_avaible": 1, "nou_borrowed": 2, "nou_registered": 3}}, {"model": "library.books", "pk": 13, "fields": {"name": "Book 7 of 0", "semester": 7, "author": "Some One", "nou_avaible": 3, "nou_borrowed": 0, "nou_registered": 3}}, {"model": "library.books", "pk": 14, "fields": {"name": "Book 7 of 1", "semester": 7, "author": "Some One", "nou_avaible": 3, "nou_borrowed": 0, "nou_registered": 3}}, {"model": "library.bookinstance", "pk": "034c229f-6599-48ad-96ce-ac569f80af43", "fields": {"book": 8, "assigned_to": null, "due_date": null, "is_assigned": false}}, {"model": "library.bookinstance", "pk": "038f1fab-7995-4b5c-8070-85d9b9879f33", "fields": {"book": 6, "assigned_to": null, "due_date": null, "is_assigned": false}}, {"model": "library.bookinstance", "pk": "0445e1ac-20ea-404d-a92c-56c36666c744", "fields": {"book": 10, "assigned_to": null, "due_date": null, "is_assigned": false}}, {"model": "library.bookinstance", "pk": "0fbba4c1-f962-4e3f-a215-241fe9f3d55b", "fields": {"book": 11, "assigned_to": null, "due_date": null, "is_assigned": false}}, {"model": "library.bookinstance", "pk": "1f28d42e-6410-4a2b-beaa-2309b587b1dd", "fields": {"book": 2, "assigned_to": null, "due_date": null, "is_assigned": false}}, {"model": "library.bookinstance", "pk": "22226274-40d4-40fa-a601-f79d487b7b6c", "fields": {"book": 7, "assigned_to": null, "due_date": null, "is_assigned": false}}, {"model": "library.bookinstance", "pk": "2704e6f5-5dbe-4474-b3f9-96ce8ff68b40", "fields": {"book": 11, "assigned_to": null, "due_date": null, "is_assigned": false}}, {"model": "library.bookinstance", "pk": "32dda0e8-8aa5-4b7f-9541-4906faccea1a", "fields": {"book": 2, "assigned_to": null, "due_date": null, "is_assigned": false}}, {"model": "library.bookinstance", "pk": "4958f47b-f7b2-41c4-b00d-fdb93f4820fd", "fields": {"book": 8, "assigned_to": null, "due_date": null, "is_assigned": false}}, {"model": "library.bookinstance", "pk": "536f4300-2336-445b-9781-fd1d220ddf9e", "fields": {"book": 4, "assigned_to": null, "due_date": null, "is_assigned": false}}, {"model": "library.bookinstance", "pk": "55e8186d-0774-4e02-8cdd-065aaef26ea0", "fields": {"book": 3, "assigned_to": null, "due_date": null, "is_assigned": false}}, {"model": "library.bookinstance", "pk": "5d0b2783-e891-42fe-b6a1-64a3a01fbbb6", "fields": {"book": 9, "assigned_to": null, "due_date": null, "is_assigned": false}}, {"model": "library.bookinstance", "pk": "60418d95-fc21-4890-bb4e-c648d88e7ce9", "fields": {"book": 6, "assigned_to": null, "due_date": null, "is_assigned": false}}, {"model": "library.bookinstance", "pk": "6e2da174-d49e-4761-bcb6-2d0bc35767d7", "fields": {"book": 10, "assigned_to": null, "due_date": null, "is_assigned": false}}, {"model": "library.bookinstance", "pk": "784617cd-c85e-4715-9bf7-4e718938298f", "fields": {"book": 7, "assigned_to": null, "due_date": null, "is_assigned": false}}, {"model": "library.bookinstance", "pk": "7eba5597-db75-4736-b285-76825848b058", "fields": {"book": 5, "assigned_to": null, "due_date": null, "is_assigned": false}}, {"model": "library.bookinstance", "pk": "85f1e305-023e-4d09-9a2c-61bbba6544f0", "fields": {"book": 1, "assigned_to": null, "due_date": null, "is_assigned": false}}, {"model": "library.bookinstance", "pk": "890debda-baac-4c99-917c-5eeea08ad5ab", "fields": {"book": 1, "assigned_to": null, "due_date": null, "is_assigned": false}}, {"model": "library.bookinstance", "pk": "8d6a71af-a2cd-45ca-bddf-55af4008bc2f", "fields": {"book": 12, "assigned_to": null, "due_date": null, "is_assigned": false}}, {"model": "library.bookinstance", "pk": "8ff1e464-b596-454c-a6a4-c99ad2830be6", "fields": {"book": 13, "assigned_to": null, "due_date": null, "is_assigned": false}}, {"model": "library.bookinstance", "pk": "92b6991b-0768-4b99-b801-6a2a046a1781", "fields": {"book": 13, "assigned_to": null, "due_date": null, "is_assigned": false}}, {"model": "library.bookinstance", "pk": "9406d500-f578-4164-821a-3f6929172bdc", "fields": {"book": 11, "assigned_to": null, "due_date": null, "is_assigned": false}}, {"model": "library.bookinstance", "pk": "998cc823-7997-4262-8c66-86dfcc46ca64", "fields": {"book": 5, "assigned_to": null, "due_date": null, "is_assigned": false}}, {"model": "library.bookinstance", "pk": "9d35a829-1f3e-47b5-981e-c6394bd6b4a4", "fields": {"book": 7, "assigned_to": null, "due_date": null, "is_assigned": false}}, {"model": "library.bookinstance", "pk": "a04dba21-2503-431b-8f31-cb3b3578e7c2", "fields": {"book": 12, "assigned_to": 13, "due_date": "2018-12-24", "is_assigned": true}}, {"model": "library.bookinstance", "pk": "a39b9c68-8d47-4d55-afb2-a856ebfafa67", "fields": {"book": 14, "assigned_to": null, "due_date": null, "is_assigned": false}}, {"model": "library.bookinstance", "pk": "b37f6f6d-4b00-4d2b-9b3d-e1ab44b13f9b", "fields": {"book": 4, "assigned_to": null, "due_date": null, "is_assigned": false}}, {"model": "library.bookinstance", "pk": "b3d33d1a-724e-4756-8f09-6c89b64a59b0", "fields": {"book": 5, "assigned_to": null, "due_date": null, "is_assigned": false}}, {"model": "library.bookinstance", "pk": "b51a3035-69f7-4a6b-aae5-4b803e9ba84e", "fields": {"book": 8, "assigned_to": null, "due_date": null, "is_assigned": false}}, {"model": "library.bookinstance", "pk": "b5991a54-8aa8-499e-a085-94ca72af930f", "fields": {"book": 3, "assigned_to": null, "due_date": null, "is_assigned": false}}, {"model": "library.bookinstance", "pk": "b68c032e-d668-404b-986e-450d485df094", "fields": {"book": 6, "assigned_to": null, "due_date": null, "is_assigned": false}}, {"model": "library.bookinstance", "pk": "b6e84b51-3ff4-49b3-8e58-7c20a3a214a9", "fields": {"book": 3, "assigned_to": null, "due_date": null, "is_assigned": false}}, {"model": "library.bookinstance", "pk": "b83923a0-4eec-4d74-865b-d0e5ede9e47f", "fields": {"book": 9, "assigned_to": null, "due_date": null, "is_assigned": false}}, {"model": "library.bookinstance", "pk": "cd46b0d2-694d-41ed-bc3b-64b5f223fcd6", "fields": {"book": 4, "assigned_to": null, "due_date": null, "is_assigned": false}}, {"model": "library.bookinstance", "pk": "d486c03d-aa3c-45cf-898e-45c02057f0ba", "fields": {"book": 13, "assigned_to": null, "due_date": null, "is_assigned": false}}, {"model": "library.bookinstance", "pk": "d4a0b41b-6975-47e5-80e6-2ea9516d8145", "fields": {"book": 10, "assigned_to": null, "due_date": null, "is_assigned": false}}, {"model": "library.bookinstance", "pk": "d8611ebf-a5fc-4ade-8a1c-48561223d76d", "fields": {"book": 1, "assigned_to": null, "due_date": null, "is_assigned": false}}, {"model": "library.bookinstance", "pk": "d9c5133b-4ea8-4315-99e4-4765cfa9034d", "fields": {"book": 2, "assigned_to": null, "due_date": null, "is_assigned": false}}, {"model": "library.bookinstance", "pk": "ea7211ae-4dc9-4a4d-b01d-91dda15aa725", "fields": {"book": 14, "assigned_to": null, "due_date": null, "is_assigned": false}}, {"model": "library.bookinstance", "pk": "f12d6fff-c57d-4b63-9022-c8b59ec9c742", "fields": {"book": 9, "assigned_to": null, "due_date": null, "is_assigned": false}}, {"model": "library.bookinstance", "pk": "fb754b74-6e8a-450d-ad9f-ffd9fbd2a0c0", "fields": {"book": 14, "assigned_to": null, "due_date": null, "is_assigned": false}}, {"model": "library.bookinstance", "pk": "fdd8b453-4d47-411a-8745-601a5df61609", "fields": {"book": 12, "assigned_to": null, "due_date": null, "is_assigned": false}}, {"model": "user.semester", "pk": 1, "fields": {"fee": 52000, "semester": 1}}, {"model": "user.semester", "pk": 2, "fields": {"fee": 52000, "semester": 2}}, {"model": "user.semester", "pk": 3, "fields": {"fee": 52000, "semester": 3}}, {"model": "user.semester", "pk": 4, "fields": {"fee": 52000, "semester": 4}}, {"model": "user.semester", "pk": 5, "fields": {"fee": 52000, "semester": 5}}, {"model": "user.semester", "pk": 6, "fields": {"fee": 52000, "semester": 6}}, {"model": "user.semester", "pk": 7, "fields": {"fee": 52000, "semester": 7}}, {"model": "user.semester", "pk": 8, "fields": {"fee": 52000, "semester": 8}}, {"model": "user.feetable", "pk": 12, "fields": {"paid_till_now": 0}}, {"model": "user.feetable", "pk": 13, "fields": {"paid_till_now": 0}}, {"model": "user.feetable", "pk": 14, "fields": {"paid_till_now": 0}}, {"model": "user.feetable", "pk": 15, "fields": {"paid_till_now": 0}}, {"model": "user.feetable", "pk": 16, "fields": {"paid_till_now": 0}}, {"model": "user.feetable", "pk": 17, "fields": {"paid_till_now": 0}}, {"model": "user.feetable", "pk": 18, "fields": {"paid_till_now": 0}}, {"model": "user.feetable", "pk": 19, "fields": {"paid_till_now": 0}}, {"model": "user.feetable", "pk": 20, "fields": {"paid_till_now": 0}}, {"model": "user.feetable", "pk": 21, "fields": {"paid_till_now": 0}}, {"model": "user.subject", "pk": 1, "fields": {"name": "sub 1 of 0", "semester": 1, "teacher": 22}}, {"model": "user.subject", "pk": 2, "fields": {"name": "sub 1 of 1", "semester": 1, "teacher": 23}}, {"model": "user.subject", "pk": 3, "fields": {"name": "sub 1 of 2", "semester": 1, "teacher": 24}}, {"model": "user.subject", "pk": 4, "fields": {"name": "sub 1 of 3", "semester": 1, "teacher": 25}}, {"model": "user.subject", "pk": 5, "fields": {"name": "sub 1 of 4", "semester": 1, "teacher": 26}}, {"model": "user.subject", "pk": 6, "fields": {"name": "sub 2 of 0", "semester": 2, "teacher": 22}}, {"model": "user.subject", "pk": 7, "fields": {"name": "sub 2 of 1", "semester": 2, "teacher": 23}}, {"model": "user.subject", "pk": 8, "fields": {"name": "sub 2 of 2", "semester": 2, "teacher": 24}}, {"model": "user.subject", "pk": 9, "fields": {"name": "sub 2 of 3", "semester": 2, "teacher": 25}}, {"model": "user.subject", "pk": 10, "fields": {"name": "sub 2 of 4", "semester": 2, "teacher": 26}}, {"model": "user.subject", "pk": 11, "fields": {"name": "sub 3 of 0", "semester": 3, "teacher": 22}}, {"model": "user.subject", "pk": 12, "fields": {"name": "sub 3 of 1", "semester": 3, "teacher": 23}}, {"model": "user.subject", "pk": 13, "fields": {"name": "sub 3 of 2", "semester": 3, "teacher": 24}}, {"model": "user.subject", "pk": 14, "fields": {"name": "sub 3 of 3", "semester": 3, "teacher": 25}}, {"model": "user.subject", "pk": 15, "fields": {"name": "sub 3 of 4", "semester": 3, "teacher": 26}}, {"model": "user.subject", "pk": 16, "fields": {"name": "sub 4 of 0", "semester": 4, "teacher": 22}}, {"model": "user.subject", "pk": 17, "fields": {"name": "sub 4 of 1", "semester": 4, "teacher": 23}}, {"model": "user.subject", "pk": 18, "fields": {"name": "sub 4 of 2", "semester": 4, "teacher": 24}}, {"model": "user.subject", "pk": 19, "fields": {"name": "sub 4 of 3", "semester": 4, "teacher": 25}}, {"model": "user.subject", "pk": 20, "fields": {"name": "sub 4 of 4", "semester": 4, "teacher": 26}}, {"model": "user.subject", "pk": 21, "fields": {"name": "sub 5 of 0", "semester": 5, "teacher": 22}}, {"model": "user.subject", "pk": 22, "fields": {"name": "sub 5 of 1", "semester": 5, "teacher": 23}}, {"model": "user.subject", "pk": 23, "fields": {"name": "sub 5 of 2", "semester": 5, "teacher": 24}}, {"model": "user.subject", "pk": 24, "fields": {"name": "sub 5 of 3", "semester": 5, "teacher": 25}}, {"model": "user.subject", "pk": 25, "fields": {"name": "sub 5 of 4", "semester": 5, "teacher": 26}}, {"model": "user.subject", "pk": 26, "fields": {"name": "sub 6 of 0", "semester": 6, "teacher": 22}}, {"model": "user.subject", "pk": 27, "fields": {"name": "sub 6 of 1", "semester": 6, "teacher": 23}}, {"model": "user.subject", "pk": 28, "fields": {"name": "sub 6 of 2", "semester": 6, "teacher": 24}}, {"model": "user.subject", "pk": 29, "fields": {"name": "sub 6 of 3", "semester": 6, "teacher": 25}}, {"model": "user.subject", "pk": 30, "fields": {"name": "sub 6 of 4", "semester": 6, "teacher": 26}}, {"model": "user.subject", "pk": 31, "fields": {"name": "sub 7 of 0", "semester": 7, "teacher": 22}}, {"model": "user.subject", "pk": 32, "fields": {"name": "sub 7 of 1", "semester": 7, "teacher": 23}}, {"model": "user.subject", "pk": 33, "fields": {"name": "sub 7 of 2", "semester": 7, "teacher": 24}}, {"model": "user.subject", "pk": 34, "fields": {"name": "sub 7 of 3", "semester": 7, "teacher": 25}}, {"model": "user.subject", "pk": 35, "fields": {"name": "sub 7 of 4", "semester": 7, "teacher": 26}}, {"model": "contenttypes.contenttype", "pk": 1, "fields": {"app_label": "result", "model": "marks"}}, {"model": "contenttypes.contenttype", "pk": 2, "fields": {"app_label": "result", "model": "reportcard"}}, {"model": "contenttypes.contenttype", "pk": 3, "fields": {"app_label": "result", "model": "result"}}, {"model": "contenttypes.contenttype", "pk": 4, "fields": {"app_label": "library", "model": "bookinstance"}}, {"model": "contenttypes.contenttype", "pk": 5, "fields": {"app_label": "library", "model": "books"}}, {"model": "contenttypes.contenttype", "pk": 6, "fields": {"app_label": "user", "model": "customuser"}}, {"model": "contenttypes.contenttype", "pk": 7, "fields": {"app_label": "user", "model": "semester"}}, {"model": "contenttypes.contenttype", "pk": 8, "fields": {"app_label": "user", "model": "subject"}}, {"model": "contenttypes.contenttype", "pk": 9, "fields": {"app_label": "user", "model": "student"}}, {"model": "contenttypes.contenttype", "pk": 10, "fields": {"app_label": "user", "model": "teacher"}}, {"model": "contenttypes.contenttype", "pk": 11, "fields": {"app_label": "user", "model": "feetable"}}, {"model": "contenttypes.contenttype", "pk": 12, "fields": {"app_label": "admin", "model": "logentry"}}, {"model": "contenttypes.contenttype", "pk": 13, "fields": {"app_label": "auth", "model": "permission"}}, {"model": "contenttypes.contenttype", "pk": 14, "fields": {"app_label": "auth", "model": "group"}}, {"model": "contenttypes.contenttype", "pk": 15, "fields": {"app_label": "contenttypes", "model": "contenttype"}}, {"model": "contenttypes.contenttype", "pk": 16, "fields": {"app_label": "sessions", "model": "session"}}, {"model": "sessions.session", "pk": "i0g5thutfb4yafvqzru8lz7fkri5qmdz", "fields": {"session_data": "N2ViYmNlMDI1M2JmNDkxMjViNjYwYjJjYjA3MzFmZTAxMjI5OTFhZTp7Il9hdXRoX3VzZXJfaWQiOiIxIiwiX2F1dGhfdXNlcl9iYWNrZW5kIjoiZGphbmdvLmNvbnRyaWIuYXV0aC5iYWNrZW5kcy5Nb2RlbEJhY2tlbmQiLCJfYXV0aF91c2VyX2hhc2giOiIyZGNmN2MxZDVkNTZjOWYzNmM2NDU1ZmI5YTJjNzUxNTgzNjdkZmM2In0=", "expire_date": "2018-12-10T07:04:15.099Z"}}, {"model": "sessions.session", "pk": "n6a7s4jrt3eo2hr3sqz9yjke0d3tefov", "fields": {"session_data": "N2ViYmNlMDI1M2JmNDkxMjViNjYwYjJjYjA3MzFmZTAxMjI5OTFhZTp7Il9hdXRoX3VzZXJfaWQiOiIxIiwiX2F1dGhfdXNlcl9iYWNrZW5kIjoiZGphbmdvLmNvbnRyaWIuYXV0aC5iYWNrZW5kcy5Nb2RlbEJhY2tlbmQiLCJfYXV0aF91c2VyX2hhc2giOiIyZGNmN2MxZDVkNTZjOWYzNmM2NDU1ZmI5YTJjNzUxNTgzNjdkZmM2In0=", "expire_date": "2018-12-10T13:31:23.409Z"}}, {"model": "auth.permission", "pk": 1, "fields": {"name": "Can add marks", "content_type": 1, "codename": "add_marks"}}, {"model": "auth.permission", "pk": 2, "fields": {"name": "Can change marks", "content_type": 1, "codename": "change_marks"}}, {"model": "auth.permission", "pk": 3, "fields": {"name": "Can delete marks", "content_type": 1, "codename": "delete_marks"}}, {"model": "auth.permission", "pk": 4, "fields": {"name": "Can view marks", "content_type": 1, "codename": "view_marks"}}, {"model": "auth.permission", "pk": 5, "fields": {"name": "Can add report card", "content_type": 2, "codename": "add_reportcard"}}, {"model": "auth.permission", "pk": 6, "fields": {"name": "Can change report card", "content_type": 2, "codename": "change_reportcard"}}, {"model": "auth.permission", "pk": 7, "fields": {"name": "Can delete report card", "content_type": 2, "codename": "delete_reportcard"}}, {"model": "auth.permission", "pk": 8, "fields": {"name": "Can view report card", "content_type": 2, "codename": "view_reportcard"}}, {"model": "auth.permission", "pk": 9, "fields": {"name": "Can add result", "content_type": 3, "codename": "add_result"}}, {"model": "auth.permission", "pk": 10, "fields": {"name": "Can change result", "content_type": 3, "codename": "change_result"}}, {"model": "auth.permission", "pk": 11, "fields": {"name": "Can delete result", "content_type": 3, "codename": "delete_result"}}, {"model": "auth.permission", "pk": 12, "fields": {"name": "Can view result", "content_type": 3, "codename": "view_result"}}, {"model": "auth.permission", "pk": 13, "fields": {"name": "Can add book instance", "content_type": 4, "codename": "add_bookinstance"}}, {"model": "auth.permission", "pk": 14, "fields": {"name": "Can change book instance", "content_type": 4, "codename": "change_bookinstance"}}, {"model": "auth.permission", "pk": 15, "fields": {"name": "Can delete book instance", "content_type": 4, "codename": "delete_bookinstance"}}, {"model": "auth.permission", "pk": 16, "fields": {"name": "Can view book instance", "content_type": 4, "codename": "view_bookinstance"}}, {"model": "auth.permission", "pk": 17, "fields": {"name": "Can add books", "content_type": 5, "codename": "add_books"}}, {"model": "auth.permission", "pk": 18, "fields": {"name": "Can change books", "content_type": 5, "codename": "change_books"}}, {"model": "auth.permission", "pk": 19, "fields": {"name": "Can delete books", "content_type": 5, "codename": "delete_books"}}, {"model": "auth.permission", "pk": 20, "fields": {"name": "Can view books", "content_type": 5, "codename": "view_books"}}, {"model": "auth.permission", "pk": 21, "fields": {"name": "Can add user", "content_type": 6, "codename": "add_customuser"}}, {"model": "auth.permission", "pk": 22, "fields": {"name": "Can change user", "content_type": 6, "codename": "change_customuser"}}, {"model": "auth.permission", "pk": 23, "fields": {"name": "Can delete user", "content_type": 6, "codename": "delete_customuser"}}, {"model": "auth.permission", "pk": 24, "fields": {"name": "Can view user", "content_type": 6, "codename": "view_customuser"}}, {"model": "auth.permission", "pk": 25, "fields": {"name": "Can add semester", "content_type": 7, "codename": "add_semester"}}, {"model": "auth.permission", "pk": 26, "fields": {"name": "Can change semester", "content_type": 7, "codename": "change_semester"}}, {"model": "auth.permission", "pk": 27, "fields": {"name": "Can delete semester", "content_type": 7, "codename": "delete_semester"}}, {"model": "auth.permission", "pk": 28, "fields": {"name": "Can view semester", "content_type": 7, "codename": "view_semester"}}, {"model": "auth.permission", "pk": 29, "fields": {"name": "Can add subject", "content_type": 8, "codename": "add_subject"}}, {"model": "auth.permission", "pk": 30, "fields": {"name": "Can change subject", "content_type": 8, "codename": "change_subject"}}, {"model": "auth.permission", "pk": 31, "fields": {"name": "Can delete subject", "content_type": 8, "codename": "delete_subject"}}, {"model": "auth.permission", "pk": 32, "fields": {"name": "Can view subject", "content_type": 8, "codename": "view_subject"}}, {"model": "auth.permission", "pk": 33, "fields": {"name": "Can add student", "content_type": 9, "codename": "add_student"}}, {"model": "auth.permission", "pk": 34, "fields": {"name": "Can change student", "content_type": 9, "codename": "change_student"}}, {"model": "auth.permission", "pk": 35, "fields": {"name": "Can delete student", "content_type": 9, "codename": "delete_student"}}, {"model": "auth.permission", "pk": 36, "fields": {"name": "Can view student", "content_type": 9, "codename": "view_student"}}, {"model": "auth.permission", "pk": 37, "fields": {"name": "Can add teacher", "content_type": 10, "codename": "add_teacher"}}, {"model": "auth.permission", "pk": 38, "fields": {"name": "Can change teacher", "content_type": 10, "codename": "change_teacher"}}, {"model": "auth.permission", "pk": 39, "fields": {"name": "Can delete teacher", "content_type": 10, "codename": "delete_teacher"}}, {"model": "auth.permission", "pk": 40, "fields": {"name": "Can view teacher", "content_type": 10, "codename": "view_teacher"}}, {"model": "auth.permission", "pk": 41, "fields": {"name": "Can add fee table", "content_type": 11, "codename": "add_feetable"}}, {"model": "auth.permission", "pk": 42, "fields": {"name": "Can change fee table", "content_type": 11, "codename": "change_feetable"}}, {"model": "auth.permission", "pk": 43, "fields": {"name": "Can delete fee table", "content_type": 11, "codename": "delete_feetable"}}, {"model": "auth.permission", "pk": 44, "fields": {"name": "Can view fee table", "content_type": 11, "codename": "view_feetable"}}, {"model": "auth.permission", "pk": 45, "fields": {"name": "Can add log entry", "content_type": 12, "codename": "add_logentry"}}, {"model": "auth.permission", "pk": 46, "fields": {"name": "Can change log entry", "content_type": 12, "codename": "change_logentry"}}, {"model": "auth.permission", "pk": 47, "fields": {"name": "Can delete log entry", "content_type": 12, "codename": "delete_logentry"}}, {"model": "auth.permission", "pk": 48, "fields": {"name": "Can view log entry", "content_type": 12, "codename": "view_logentry"}}, {"model": "auth.permission", "pk": 49, "fields": {"name": "Can add permission", "content_type": 13, "codename": "add_permission"}}, {"model": "auth.permission", "pk": 50, "fields": {"name": "Can change permission", "content_type": 13, "codename": "change_permission"}}, {"model": "auth.permission", "pk": 51, "fields": {"name": "Can delete permission", "content_type": 13, "codename": "delete_permission"}}, {"model": "auth.permission", "pk": 52, "fields": {"name": "Can view permission", "content_type": 13, "codename": "view_permission"}}, {"model": "auth.permission", "pk": 53, "fields": {"name": "Can add group", "content_type": 14, "codename": "add_group"}}, {"model": "auth.permission", "pk": 54, "fields": {"name": "Can change group", "content_type": 14, "codename": "change_group"}}, {"model": "auth.permission", "pk": 55, "fields": {"name": "Can delete group", "content_type": 14, "codename": "delete_group"}}, {"model": "auth.permission", "pk": 56, "fields": {"name": "Can view group", "content_type": 14, "codename": "view_group"}}, {"model": "auth.permission", "pk": 57, "fields": {"name": "Can add content type", "content_type": 15, "codename": "add_contenttype"}}, {"model": "auth.permission", "pk": 58, "fields": {"name": "Can change content type", "content_type": 15, "codename": "change_contenttype"}}, {"model": "auth.permission", "pk": 59, "fields": {"name": "Can delete content type", "content_type": 15, "codename": "delete_contenttype"}}, {"model": "auth.permission", "pk": 60, "fields": {"name": "Can view content type", "content_type": 15, "codename": "view_contenttype"}}, {"model": "auth.permission", "pk": 61, "fields": {"name": "Can add session", "content_type": 16, "codename": "add_session"}}, {"model": "auth.permission", "pk": 62, "fields": {"name": "Can change session", "content_type": 16, "codename": "change_session"}}, {"model": "auth.permission", "pk": 63, "fields": {"name": "Can delete session", "content_type": 16, "codename": "delete_session"}}, {"model": "auth.permission", "pk": 64, "fields": {"name": "Can view session", "content_type": 16, "codename": "view_session"}}, {"model": "user.customuser", "pk": 1, "fields": {"password": "pbkdf2_sha256$120000$rRpl59JV8Gbd$AneGpBBLUkfzCKDvMRWV1pstjvrKWOfOw3FN/6QYT2w=", "last_login": "2018-11-26T13:31:23Z", "is_superuser": true, "username": "lurayy", "first_name": "Admin", "last_name": "Tamari", "email": "rabbit.bonex@gmail.com", "is_staff": true, "is_active": true, "date_joined": "2018-11-25T12:51:47Z", "is_student": false, "is_teacher": true, "is_librarian": true, "is_accountant": true, "uuid": "52dfdae6-bf78-471d-8431-4c3eee8a4a84", "pin_number": 666, "groups": [], "user_permissions": []}}, {"model": "user.customuser", "pk": 12, "fields": {"password": "pbkdf2_sha256$120000$rRpl59JV8Gbd$AneGpBBLUkfzCKDvMRWV1pstjvrKWOfOw3FN/6QYT2w=", "last_login": null, "is_superuser": false, "username": "student0", "first_name": "Student0", "last_name": "Student0", "email": "student@hero.com", "is_staff": false, "is_active": true, "date_joined": "2018-11-26T14:12:40.901Z", "is_student": true, "is_teacher": false, "is_librarian": false, "is_accountant": false, "uuid": "c8807f3e-337a-4c6a-b6e9-b04082ee228c", "pin_number": 666, "groups": [], "user_permissions": []}}, {"model": "user.customuser", "pk": 13, "fields": {"password": "pbkdf2_sha256$120000$rRpl59JV8Gbd$AneGpBBLUkfzCKDvMRWV1pstjvrKWOfOw3FN/6QYT2w=", "last_login": null, "is_superuser": false, "username": "student1", "first_name": "Student1", "last_name": "Student1", "email": "student@hero.com", "is_staff": false, "is_active": true, "date_joined": "2018-11-26T14:12:40.902Z", "is_student": true, "is_teacher": false, "is_librarian": false, "is_accountant": false, "uuid": "1bdd3949-61c9-49fd-9768-031f9b0342bd", "pin_number": 666, "groups": [], "user_permissions": []}}, {"model": "user.customuser", "pk": 14, "fields": {"password": "pbkdf2_sha256$120000$rRpl59JV8Gbd$AneGpBBLUkfzCKDvMRWV1pstjvrKWOfOw3FN/6QYT2w=", "last_login": null, "is_superuser": false, "username": "student2", "first_name": "Student2", "last_name": "Student2", "email": "student@hero.com", "is_staff": false, "is_active": true, "date_joined": "2018-11-26T14:12:40.902Z", "is_student": true, "is_teacher": false, "is_librarian": false, "is_accountant": false, "uuid": "cec65703-e3e1-4848-b5d5-4cc66037f61d", "pin_number": 666, "groups": [], "user_permissions": []}}, {"model": "user.customuser", "pk": 15, "fields": {"password": "pbkdf2_sha256$120000$rRpl59JV8Gbd$AneGpBBLUkfzCKDvMRWV1pstjvrKWOfOw3FN/6QYT2w=", "last_login": null, "is_superuser": false, "username": "student3", "first_name": "Student3", "last_name": "Student3", "email": "student@hero.com", "is_staff": false, "is_active": true, "date_joined": "2018-11-26T14:12:40.902Z", "is_student": true, "is_teacher": false, "is_librarian": false, "is_accountant": false, "uuid": "9ed1c836-a1be-44a8-b152-a651381cf762", "pin_number": 666, "groups": [], "user_permissions": []}}, {"model": "user.customuser", "pk": 16, "fields": {"password": "pbkdf2_sha256$120000$rRpl59JV8Gbd$AneGpBBLUkfzCKDvMRWV1pstjvrKWOfOw3FN/6QYT2w=", "last_login": null, "is_superuser": false, "username": "student4", "first_name": "Student4", "last_name": "Student4", "email": "student@hero.com", "is_staff": false, "is_active": true, "date_joined": "2018-11-26T14:12:40.902Z", "is_student": true, "is_teacher": false, "is_librarian": false, "is_accountant": false, "uuid": "2d91558a-4f2f-4d0a-81a8-6788a6fb6112", "pin_number": 666, "groups": [], "user_permissions": []}}, {"model": "user.customuser", "pk": 17, "fields": {"password": "pbkdf2_sha256$120000$rRpl59JV8Gbd$AneGpBBLUkfzCKDvMRWV1pstjvrKWOfOw3FN/6QYT2w=", "last_login": null, "is_superuser": false, "username": "student5", "first_name": "Student5", "last_name": "Student5", "email": "student@hero.com", "is_staff": false, "is_active": true, "date_joined": "2018-11-26T14:12:40.902Z", "is_student": true, "is_teacher": false, "is_librarian": false, "is_accountant": false, "uuid": "9040c28a-ff2b-43d3-87f2-2c647e1e8d79", "pin_number": 666, "groups": [], "user_permissions": []}}, {"model": "user.customuser", "pk": 18, "fields": {"password": "pbkdf2_sha256$120000$rRpl59JV8Gbd$AneGpBBLUkfzCKDvMRWV1pstjvrKWOfOw3FN/6QYT2w=", "last_login": null, "is_superuser": false, "username": "student6", "first_name": "Student6", "last_name": "Student6", "email": "student@hero.com", "is_staff": false, "is_active": true, "date_joined": "2018-11-26T14:12:40.902Z", "is_student": true, "is_teacher": false, "is_librarian": false, "is_accountant": false, "uuid": "2bab0121-d11b-4753-922b-8dd81e0c9109", "pin_number": 666, "groups": [], "user_permissions": []}}, {"model": "user.customuser", "pk": 19, "fields": {"password": "pbkdf2_sha256$120000$rRpl59JV8Gbd$AneGpBBLUkfzCKDvMRWV1pstjvrKWOfOw3FN/6QYT2w=", "last_login": null, "is_superuser": false, "username": "student7", "first_name": "Student7", "last_name": "Student7", "email": "student@hero.com", "is_staff": false, "is_active": true, "date_joined": "2018-11-26T14:12:40.902Z", "is_student": true, "is_teacher": false, "is_librarian": false, "is_accountant": false, "uuid": "282f785f-1987-403c-837d-06110ff57fa2", "pin_number": 666, "groups": [], "user_permissions": []}}, {"model": "user.customuser", "pk": 20, "fields": {"password": "pbkdf2_sha256$120000$rRpl59JV8Gbd$AneGpBBLUkfzCKDvMRWV1pstjvrKWOfOw3FN/6QYT2w=", "last_login": null, "is_superuser": false, "username": "student8", "first_name": "Student8", "last_name": "Student8", "email": "student@hero.com", "is_staff": false, "is_active": true, "date_joined": "2018-11-26T14:12:40.902Z", "is_student": true, "is_teacher": false, "is_librarian": false, "is_accountant": false, "uuid": "5bd0d321-b775-4674-a44e-03e57db23504", "pin_number": 666, "groups": [], "user_permissions": []}}, {"model": "user.customuser", "pk": 21, "fields": {"password": "pbkdf2_sha256$120000$rRpl59JV8Gbd$AneGpBBLUkfzCKDvMRWV1pstjvrKWOfOw3FN/6QYT2w=", "last_login": null, "is_superuser": false, "username": "student9", "first_name": "Student9", "last_name": "Student9", "email": "student@hero.com", "is_staff": false, "is_active": true, "date_joined": "2018-11-26T14:12:40.902Z", "is_student": true, "is_teacher": false, "is_librarian": false, "is_accountant": false, "uuid": "d096c998-c6ff-49c3-b17a-38796defea1f", "pin_number": 666, "groups": [], "user_permissions": []}}, {"model": "user.customuser", "pk": 22, "fields": {"password": "pbkdf2_sha256$120000$rRpl59JV8Gbd$AneGpBBLUkfzCKDvMRWV1pstjvrKWOfOw3FN/6QYT2w=", "last_login": null, "is_superuser": false, "username": "teacher0", "first_name": "teacher0", "last_name": "teacher0", "email": "teacher@gmail.com", "is_staff": false, "is_active": true, "date_joined": "2018-11-26T14:15:26.000Z", "is_student": false, "is_teacher": true, "is_librarian": false, "is_accountant": false, "uuid": "6284a5fb-aa04-4c5d-8929-3fe7352fe433", "pin_number": 666, "groups": [], "user_permissions": []}}, {"model": "user.customuser", "pk": 23, "fields": {"password": "pbkdf2_sha256$120000$rRpl59JV8Gbd$AneGpBBLUkfzCKDvMRWV1pstjvrKWOfOw3FN/6QYT2w=", "last_login": null, "is_superuser": false, "username": "teacher1", "first_name": "teacher1", "last_name": "teacher1", "email": "teacher@gmail.com", "is_staff": false, "is_active": true, "date_joined": "2018-11-26T14:15:26.000Z", "is_student": false, "is_teacher": true, "is_librarian": false, "is_accountant": false, "uuid": "52cd42a6-1e26-414b-998f-996d86a716af", "pin_number": 666, "groups": [], "user_permissions": []}}, {"model": "user.customuser", "pk": 24, "fields": {"password": "pbkdf2_sha256$120000$rRpl59JV8Gbd$AneGpBBLUkfzCKDvMRWV1pstjvrKWOfOw3FN/6QYT2w=", "last_login": null, "is_superuser": false, "username": "teacher2", "first_name": "teacher2", "last_name": "teacher2", "email": "teacher@gmail.com", "is_staff": false, "is_active": true, "date_joined": "2018-11-26T14:15:26.000Z", "is_student": false, "is_teacher": true, "is_librarian": false, "is_accountant": false, "uuid": "74141ff3-0548-4de1-b1e6-8f4c1df0aa6d", "pin_number": 666, "groups": [], "user_permissions": []}}, {"model": "user.customuser", "pk": 25, "fields": {"password": "pbkdf2_sha256$120000$rRpl59JV8Gbd$AneGpBBLUkfzCKDvMRWV1pstjvrKWOfOw3FN/6QYT2w=", "last_login": null, "is_superuser": false, "username": "teacher3", "first_name": "teacher3", "last_name": "teacher3", "email": "teacher@gmail.com", "is_staff": false, "is_active": true, "date_joined": "2018-11-26T14:15:26.000Z", "is_student": false, "is_teacher": true, "is_librarian": false, "is_accountant": false, "uuid": "66757df7-d0d8-4589-b928-702955686335", "pin_number": 666, "groups": [], "user_permissions": []}}, {"model": "user.customuser", "pk": 26, "fields": {"password": "pbkdf2_sha256$120000$rRpl59JV8Gbd$AneGpBBLUkfzCKDvMRWV1pstjvrKWOfOw3FN/6QYT2w=", "last_login": null, "is_superuser": false, "username": "teacher4", "first_name": "teacher4", "last_name": "teacher4", "email": "teacher@gmail.com", "is_staff": false, "is_active": true, "date_joined": "2018-11-26T14:15:26.000Z", "is_student": false, "is_teacher": true, "is_librarian": false, "is_accountant": false, "uuid": "bf0605f3-fe86-4e43-8960-2e0eea38672a", "pin_number": 666, "groups": [], "user_permissions": []}}, {"model": "user.customuser", "pk": 27, "fields": {"password": "pbkdf2_sha256$120000$rRpl59JV8Gbd$AneGpBBLUkfzCKDvMRWV1pstjvrKWOfOw3FN/6QYT2w=", "last_login": "2018-11-26T14:16:01Z", "is_superuser": false, "username": "library", "first_name": "Library1", "last_name": "Librrary", "email": "", "is_staff": false, "is_active": true, "date_joined": "2018-11-26T14:15:38Z", "is_student": false, "is_teacher": false, "is_librarian": true, "is_accountant": false, "uuid": "6d3509ff-4e6c-4932-a409-ab25cfd75353", "pin_number": 666, "groups": [], "user_permissions": []}}, {"model": "user.customuser", "pk": 28, "fields": {"password": "pbkdf2_sha256$120000$rRpl59JV8Gbd$AneGpBBLUkfzCKDvMRWV1pstjvrKWOfOw3FN/6QYT2w=", "last_login": null, "is_superuser": false, "username": "account1", "first_name": "account1", "last_name": "", "email": "", "is_staff": false, "is_active": true, "date_joined": "2018-11-26T14:16:24Z", "is_student": false, "is_teacher": false, "is_librarian": false, "is_accountant": true, "uuid": "9559ebf7-fa3f-4e6d-83ea-504242bd8415", "pin_number": 666, "groups": [], "user_permissions": []}}, {"model": "user.student", "pk": 1, "fields": {"phone_number": "9846622488", "semester": 1}}, {"model": "user.student", "pk": 12, "fields": {"phone_number": "78956", "semester": 1}}, {"model": "user.student", "pk": 13, "fields": {"phone_number": "78956", "semester": 1}}, {"model": "user.student", "pk": 14, "fields": {"phone_number": "78956", "semester": 1}}, {"model": "user.student", "pk": 15, "fields": {"phone_number": "78956", "semester": 1}}, {"model": "user.student", "pk": 16, "fields": {"phone_number": "78956", "semester": 1}}, {"model": "user.student", "pk": 17, "fields": {"phone_number": "78956", "semester": 1}}, {"model": "user.student", "pk": 18, "fields": {"phone_number": "78956", "semester": 1}}, {"model": "user.student", "pk": 19, "fields": {"phone_number": "78956", "semester": 1}}, {"model": "user.student", "pk": 20, "fields": {"phone_number": "78956", "semester": 1}}, {"model": "user.student", "pk": 21, "fields": {"phone_number": "78956", "semester": 1}}, {"model": "user.teacher", "pk": 22, "fields": {"contact_number": ""}}, {"model": "user.teacher", "pk": 23, "fields": {"contact_number": ""}}, {"model": "user.teacher", "pk": 24, "fields": {"contact_number": ""}}, {"model": "user.teacher", "pk": 25, "fields": {"contact_number": ""}}, {"model": "user.teacher", "pk": 26, "fields": {"contact_number": ""}}, {"model": "admin.logentry", "pk": 1, "fields": {"action_time": "2018-11-25T12:52:51.068Z", "user": 1, "content_type": 6, "object_id": "1", "object_repr": "", "action_flag": 2, "change_message": "[]"}}, {"model": "admin.logentry", "pk": 2, "fields": {"action_time": "2018-11-26T01:25:40.999Z", "user": 1, "content_type": 6, "object_id": "1", "object_repr": "", "action_flag": 2, "change_message": "[{\"changed\": {\"fields\": [\"is_student\", \"is_teacher\", \"is_librarian\", \"is_accountant\"]}}]"}}, {"model": "admin.logentry", "pk": 3, "fields": {"action_time": "2018-11-26T07:18:48.187Z", "user": 1, "content_type": 6, "object_id": "1", "object_repr": "KabirTamari", "action_flag": 2, "change_message": "[{\"changed\": {\"fields\": [\"first_name\", \"last_name\", \"email\"]}}]"}}, {"model": "admin.logentry", "pk": 4, "fields": {"action_time": "2018-11-26T16:08:13.952Z", "user": 1, "content_type": 6, "object_id": "1", "object_repr": "KabirTamari", "action_flag": 2, "change_message": "[{\"changed\": {\"fields\": [\"is_student\", \"is_teacher\", \"is_librarian\", \"is_accountant\"]}}]"}}, {"model": "admin.logentry", "pk": 5, "fields": {"action_time": "2018-11-26T17:11:58.930Z", "user": 1, "content_type": 7, "object_id": "1", "object_repr": "1", "action_flag": 1, "change_message": "[{\"added\": {}}]"}}, {"model": "admin.logentry", "pk": 6, "fields": {"action_time": "2018-11-26T17:12:01.549Z", "user": 1, "content_type": 9, "object_id": "1", "object_repr": "Kabir Tamari", "action_flag": 1, "change_message": "[{\"added\": {}}]"}}, {"model": "admin.logentry", "pk": 7, "fields": {"action_time": "2018-11-26T17:25:06.810Z", "user": 1, "content_type": 9, "object_id": "1", "object_repr": "Kabir Tamari", "action_flag": 2, "change_message": "[{\"changed\": {\"fields\": [\"phone_number\"]}}]"}}, {"model": "admin.logentry", "pk": 8, "fields": {"action_time": "2018-11-26T13:46:01.030Z", "user": 1, "content_type": 6, "object_id": "1", "object_repr": "AdminTamari", "action_flag": 2, "change_message": "[{\"changed\": {\"fields\": [\"is_student\", \"is_teacher\", \"is_librarian\", \"is_accountant\"]}}]"}}, {"model": "admin.logentry", "pk": 9, "fields": {"action_time": "2018-11-26T14:11:21.656Z", "user": 1, "content_type": 6, "object_id": "11", "object_repr": "Student9Student9", "action_flag": 3, "change_message": ""}}, {"model": "admin.logentry", "pk": 10, "fields": {"action_time": "2018-11-26T14:11:21.809Z", "user": 1, "content_type": 6, "object_id": "10", "object_repr": "Student8Student8", "action_flag": 3, "change_message": ""}}, {"model": "admin.logentry", "pk": 11, "fields": {"action_time": "2018-11-26T14:11:21.931Z", "user": 1, "content_type": 6, "object_id": "9", "object_repr": "Student7Student7", "action_flag": 3, "change_message": ""}}, {"model": "admin.logentry", "pk": 12, "fields": {"action_time": "2018-11-26T14:11:22.066Z", "user": 1, "content_type": 6, "object_id": "8", "object_repr": "Student6Student6", "action_flag": 3, "change_message": ""}}, {"model": "admin.logentry", "pk": 13, "fields": {"action_time": "2018-11-26T14:11:22.175Z", "user": 1, "content_type": 6, "object_id": "7", "object_repr": "Student5Student5", "action_flag": 3, "change_message": ""}}, {"model": "admin.logentry", "pk": 14, "fields": {"action_time": "2018-11-26T14:11:22.309Z", "user": 1, "content_type": 6, "object_id": "6", "object_repr": "Student4Student4", "action_flag": 3, "change_message": ""}}, {"model": "admin.logentry", "pk": 15, "fields": {"action_time": "2018-11-26T14:11:22.453Z", "user": 1, "content_type": 6, "object_id": "5", "object_repr": "Student3Student3", "action_flag": 3, "change_message": ""}}, {"model": "admin.logentry", "pk": 16, "fields": {"action_time": "2018-11-26T14:11:22.563Z", "user": 1, "content_type": 6, "object_id": "4", "object_repr": "Student2Student2", "action_flag": 3, "change_message": ""}}, {"model": "admin.logentry", "pk": 17, "fields": {"action_time": "2018-11-26T14:11:22.687Z", "user": 1, "content_type": 6, "object_id": "3", "object_repr": "Student1Student1", "action_flag": 3, "change_message": ""}}, {"model": "admin.logentry", "pk": 18, "fields": {"action_time": "2018-11-26T14:11:22.919Z", "user": 1, "content_type": 6, "object_id": "2", "object_repr": "Student0Student0", "action_flag": 3, "change_message": ""}}, {"model": "admin.logentry", "pk": 19, "fields": {"action_time": "2018-11-26T14:16:24.388Z", "user": 1, "content_type": 6, "object_id": "27", "object_repr": "Library1Librrary", "action_flag": 1, "change_message": "[{\"added\": {}}]"}}, {"model": "admin.logentry", "pk": 20, "fields": {"action_time": "2018-11-26T14:16:45.713Z", "user": 1, "content_type": 6, "object_id": "28", "object_repr": "account1", "action_flag": 1, "change_message": "[{\"added\": {}}]"}}, {"model": "admin.logentry", "pk": 21, "fields": {"action_time": "2018-11-26T14:19:35.540Z", "user": 1, "content_type": 7, "object_id": "8", "object_repr": "8", "action_flag": 1, "change_message": "[{\"added\": {}}]"}}, {"model": "admin.logentry", "pk": 22, "fields": {"action_time": "2018-11-26T14:29:46.933Z", "user": 1, "content_type": 10, "object_id": "1", "object_repr": "Teacher object (1)", "action_flag": 3, "change_message": ""}}]